姓名,手机号,待返本金,总充值金额
13213,111111,3300.00,120000.00
123,123456,0,0
Gilderson Pires,11959124472,0,0
,62993380690,0,0
,82996152879,0,0
Laurize de Sousa Mou,86999526301,0,0
,12997489152,0,0
,11959480937,0,0
Kelly Aparecida da S,21976680654,0,0
,34997804434,0,0
Alex Sandro,11971240377,0,0
,11969014636,0,0
,11932087689,0,0
,71991005137,0,0
,17992486106,0,0
,11932124667,0,0
,11954581311,0,0
,21994909392,0,0
,19989419939,0,0
,24992021502,0,0
,13974048015,0,0
Douglas oshiro santo,11942288170,0,0
Jhenifer Cristina Sa,11939252697,0,0
,11962950565,0,0
Adeilson Bernardo Co,11989997562,0,0
,66992130634,0,0
,11939566854,0,0
,21996687619,0,0
,82981869123,0,0
Robson Dias Camargo,19994395385,0,0
,11934624449,0,0
,94984068142,0,0
,21966232492,0,0
Mayara da Silva cesa,19996383163,0,0
,13991157417,0,0
Andreia Cristina lem,37996695482,0,0
,11952174928,0,0
,11977155971,0,0
,11981290282,0,0
Rafael vieira,11932946319,0,0
,11968770391,0,0
Israel,81988940562,0,0
,12983105487,0,0
Erick alessandro do ,35998418783,0,0
,1691367473,0,0
,73998690213,0,0
,62993779894,0,0
,11994499055,0,0
,17997219356,0,0
Cassia lima dos sant,73988654742,0,0
Fabiola Aparecida,37999753026,0,0
Ingridnara,77998630591,0,0
Thaiane,21981083887,0,0
,48999869207,0,0
,49998253566,0,0
,98984640688,0,0
Taiane de Souza Silv,67981957358,0,0
,88981426860,0,0
,16991367473,0,0
Agnys,67996756940,0,0
,13996563375,0,0
,8189023216,0,0
,45999951906,0,0
,61993798935,0,0
Alcides B Pegoraro,51981736339,100.00,200.00
,53984438760,0,0
,87981037794,0,0
,11962831845,0,0
,75981251069,0,0
,31991438897,0,0
María Eduarda Santan,11980153482,0,0
Yooshi,13996061100,0,0
,11980595354,0,0
,11948125359,0,0
Karla,67982149690,0,0
Larissa Gabriela da ,16982354639,0,0
Francisco,84999142087,0,0
,31992085112,0,0
,33999351952,0,0
,41999351288,0,0
,73998616394,0,0
,46999336247,0,0
Ana Caroline dos San,31992907841,0,0
Gildazio,67984462087,0,0
,86995141589,0,0
Gislaine Alves De Ar,17996831411,0,0
Bruno,41997090923,0,0
,93992136713,0,0
,92994924978,0,0
,84994805759,0,0
Chirly,16992008471,0,0
,15996047517,0,0
,44991326877,0,0
,61998238514,0,0
,21985861216,0,0
,11950895597,0,0
Maria gleisiane da C,85999487491,0,0
,88994815865,0,0
,15996033986,0,0
Rita francielly Evan,11977875367,0,0
,66996104186,0,0
Carlos Magno de Sous,93992135547,0,0
,11996832892,0,0
Flavio,13996207251,0,0
,75991919732,0,0
,11958825402,0,0
,65999373193,0,0
Layene francielly Si,31983619063,0,0
Adriano Evaristo Fel,11987206854,0,0
Marta do Amaral Cerq,73999537939,0,0
,14981632744,0,0
,15997674416,0,0
,19983874682,0,0
,31991834178,0,0
Adiele dos anjos fon,31989148474,0,0
Joyciane Ribeiro Oli,98985574837,0,0
,61984016345,0,0
,19993122937,0,0
,11933106452,0,0
Wanderson aprigio bi,62999562255,0,0
,99984508878,0,0
João Paulo de jesus ,63991202841,0,0
,88998239367,0,0
,45999438200,0,0
,98991137168,0,0
,15988374822,0,0
,21980381646,0,0
Ysa Sabrina coboski ,21990850084,0,0
,21981656033,0,0
Stefany Sabino Perei,16996024971,0,0
Aline Alves de Andra,11933482652,0,0
,21997935460,0,0
,31991157562,0,0
,11912123997,0,0
Raphael Da Silva Roc,31982219396,0,0
Walaf,21966036555,0,0
,61994657876,0,0
,27998562295,0,0
,31999019521,0,0
,47996389320,0,0
Sabrina Anjo,75982785570,0,0
,31995905363,0,0
,11996461156,0,0
,31995533090,0,0
,12997946049,0,0
,15997446228,0,0
,31983858631,0,0
,21966691874,0,0
,66996935549,0,0
,68992517481,0,0
Fabrício Dias Corrêa,47997736719,0,0
Lázaro pinheiro Nune,19987388366,0,0
Darlan jesus dos san,75988712770,0,0
Letícia Melo,8494089994,0,0
Ramon vieira bispo,31992763374,0,0
,11966292594,0,0
,73988632274,0,0
,91993241872,0,0
,19987500311,0,0
Maria Do Socorro Soa,83987605944,0,0
,12996427078,0,0
,47988175715,0,0
,11991167531,0,0
,65996881243,0,0
Richard,31983833858,0,0
,24998779893,0,0
,85996294480,0,0
,51997353289,0,0
,31984599236,0,0
Diogo Ramos Santos O,1192236117,0,0
,51981753108,0,0
,11962213029,0,0
,12978132972,0,0
,55992070000,0,0
,21920029039,0,0
Beatriz Luísa de Far,67981569173,0,0
suelem tayza do nasc,9591336218,0,0
,85984240351,0,0
Leticia Salvino,32998585507,0,0
,31989136377,0,0
Roberta Lopes,16993484246,0,0
